{
  "code": 1,
  "data": {
    "result": {
      "id": 13,
      "name": "客户信息管理",
      "tableName": "ak-customer",
      "category": 0,
      "status": 1,
      "creatDate": null,
      "updateDate": null,
      "creatName": "admin",
      "updateName": "",
      "remark": "客户信息管理",
      "tableData": [
        {
          "label": "客户名称",
          "name": "name",
          "type": "VARCHAR",
          "length": "50",
          "default": "",
          "empty": false,
          "remark": "",
          "enterable": true
        },
        {
          "label": "手机号码",
          "name": "phone",
          "type": "VARCHAR",
          "length": "11",
          "default": "",
          "empty": false,
          "remark": "",
          "enterable": true
        },
        {
          "label": "微信",
          "name": "weixin",
          "type": "VARCHAR",
          "length": "50",
          "default": "",
          "empty": false,
          "remark": "",
          "enterable": true
        },
        {
          "label": "添加时间",
          "name": "creatTime",
          "type": "DATETIME",
          "length": "",
          "default": "",
          "empty": false,
          "remark": "",
          "enterable": false
        },
        {
          "label": "公司名称",
          "name": "company",
          "type": "VARCHAR",
          "length": "50",
          "default": "",
          "empty": false,
          "remark": "",
          "enterable": true
        },
        {
          "label": "类型",
          "name": "status",
          "type": "INT",
          "length": "2",
          "default": "",
          "empty": false,
          "remark": "",
          "enterable": true
        },
        {
          "label": "备注",
          "name": "remark",
          "type": "VARCHAR",
          "length": "100",
          "default": "",
          "empty": false,
          "remark": "",
          "enterable": true
        },
        {
          "label": "合作意向",
          "name": "intention",
          "type": "INT",
          "length": "2",
          "default": "",
          "empty": false,
          "remark": "",
          "enterable": true
        }
      ]
    },
    "dict": {}
  },
  "message": "成功"
}
