{
  "id": "2578019",
  "name": "formDemo",
  "font_family": "iconfont",
  "css_prefix_text": "icon-",
  "description": "",
  "glyphs": [
    {
      "icon_id": "13644674",
      "name": "箭头",
      "font_class": "mouse",
      "unicode": "e60b",
      "unicode_decimal": 58891
    },
    {
      "icon_id": "18372381",
      "name": "手，手势",
      "font_class": "hand",
      "unicode": "e6cf",
      "unicode_decimal": 59087
    },
    {
      "icon_id": "7577422",
      "name": "24gl-unlock4",
      "font_class": "lock-open",
      "unicode": "e9d6",
      "unicode_decimal": 59862
    },
    {
      "icon_id": "658044",
      "name": "解锁",
      "font_class": "lock",
      "unicode": "e669",
      "unicode_decimal": 58985
    },
    {
      "icon_id": "5388071",
      "name": "眼睛_隐藏_o",
      "font_class": "eye-close",
      "unicode": "ebcd",
      "unicode_decimal": 60365
    },
    {
      "icon_id": "3294800",
      "name": "设置边框",
      "font_class": "border",
      "unicode": "e673",
      "unicode_decimal": 58995
    },
    {
      "icon_id": "11179879",
      "name": "文字边框",
      "font_class": "text2",
      "unicode": "e607",
      "unicode_decimal": 58887
    },
    {
      "icon_id": "21529713",
      "name": "m-滚动文字",
      "font_class": "stext",
      "unicode": "e801",
      "unicode_decimal": 59393
    },
    {
      "icon_id": "33172809",
      "name": "发起的",
      "font_class": "apply",
      "unicode": "e606",
      "unicode_decimal": 58886
    },
    {
      "icon_id": "1206679",
      "name": "工作台",
      "font_class": "work",
      "unicode": "e68c",
      "unicode_decimal": 59020
    },
    {
      "icon_id": "5388003",
      "name": "待办任务_o",
      "font_class": "todo",
      "unicode": "ebb1",
      "unicode_decimal": 60337
    },
    {
      "icon_id": "7158013",
      "name": "我发起的",
      "font_class": "applyed",
      "unicode": "e633",
      "unicode_decimal": 58931
    },
    {
      "icon_id": "20438918",
      "name": "我的已办",
      "font_class": "done",
      "unicode": "e60d",
      "unicode_decimal": 58893
    },
    {
      "icon_id": "1766470",
      "name": "符号-按钮",
      "font_class": "button",
      "unicode": "e690",
      "unicode_decimal": 59024
    },
    {
      "icon_id": "1150901",
      "name": "设计",
      "font_class": "design",
      "unicode": "e62c",
      "unicode_decimal": 58924
    },
    {
      "icon_id": "12771491",
      "name": "数据源管理",
      "font_class": "data-source",
      "unicode": "e617",
      "unicode_decimal": 58903
    },
    {
      "icon_id": "6321263",
      "name": "审批",
      "font_class": "sp",
      "unicode": "e626",
      "unicode_decimal": 58918
    },
    {
      "icon_id": "12911863",
      "name": "抄送",
      "font_class": "cs",
      "unicode": "e605",
      "unicode_decimal": 58885
    },
    {
      "icon_id": "18170243",
      "name": "代码,分支,分流,分叉",
      "font_class": "branch",
      "unicode": "e993",
      "unicode_decimal": 59795
    },
    {
      "icon_id": "5371107",
      "name": "文档",
      "font_class": "doc",
      "unicode": "e7d0",
      "unicode_decimal": 59344
    },
    {
      "icon_id": "12959365",
      "name": "系统管理",
      "font_class": "sys",
      "unicode": "e634",
      "unicode_decimal": 58932
    },
    {
      "icon_id": "24007617",
      "name": "创建图表",
      "font_class": "creat",
      "unicode": "e661",
      "unicode_decimal": 58977
    },
    {
      "icon_id": "24069228",
      "name": "可视化",
      "font_class": "data",
      "unicode": "e602",
      "unicode_decimal": 58882
    },
    {
      "icon_id": "339044",
      "name": "菜单",
      "font_class": "menu",
      "unicode": "e62f",
      "unicode_decimal": 58927
    },
    {
      "icon_id": "397442",
      "name": "icon-user",
      "font_class": "user",
      "unicode": "e66b",
      "unicode_decimal": 58987
    },
    {
      "icon_id": "4329375",
      "name": "表单管理",
      "font_class": "form",
      "unicode": "e625",
      "unicode_decimal": 58917
    },
    {
      "icon_id": "5961366",
      "name": "列表",
      "font_class": "list",
      "unicode": "ec6b",
      "unicode_decimal": 60523
    },
    {
      "icon_id": "7474663",
      "name": "操作日志",
      "font_class": "log",
      "unicode": "e604",
      "unicode_decimal": 58884
    },
    {
      "icon_id": "8605754",
      "name": "字典管理",
      "font_class": "dict",
      "unicode": "e668",
      "unicode_decimal": 58984
    },
    {
      "icon_id": "8949009",
      "name": "岗位",
      "font_class": "post",
      "unicode": "e658",
      "unicode_decimal": 58968
    },
    {
      "icon_id": "10213489",
      "name": "角色管理",
      "font_class": "role",
      "unicode": "e618",
      "unicode_decimal": 58904
    },
    {
      "icon_id": "26876046",
      "name": "管理登录日志",
      "font_class": "log2",
      "unicode": "ea45",
      "unicode_decimal": 59973
    },
    {
      "icon_id": "34047671",
      "name": "系统工具",
      "font_class": "tool",
      "unicode": "e628",
      "unicode_decimal": 58920
    },
    {
      "icon_id": "1057386",
      "name": "柱状图",
      "font_class": "bar",
      "unicode": "e6ce",
      "unicode_decimal": 59086
    },
    {
      "icon_id": "1727592",
      "name": "407饼图",
      "font_class": "pie",
      "unicode": "e902",
      "unicode_decimal": 59650
    },
    {
      "icon_id": "5961328",
      "name": "折线图",
      "font_class": "line",
      "unicode": "ec66",
      "unicode_decimal": 60518
    },
    {
      "icon_id": "11307823",
      "name": "Directory tree",
      "font_class": "tree2",
      "unicode": "e892",
      "unicode_decimal": 59538
    },
    {
      "icon_id": "20360961",
      "name": "流式布局",
      "font_class": "flex",
      "unicode": "e608",
      "unicode_decimal": 58888
    },
    {
      "icon_id": "12225038",
      "name": "divide",
      "font_class": "div",
      "unicode": "e60f",
      "unicode_decimal": 58895
    },
    {
      "icon_id": "5388006",
      "name": "树状图_o",
      "font_class": "tree",
      "unicode": "ebb3",
      "unicode_decimal": 60339
    },
    {
      "icon_id": "77110",
      "name": "时间",
      "font_class": "time",
      "unicode": "e600",
      "unicode_decimal": 58880
    },
    {
      "icon_id": "2471358",
      "name": "富文本框",
      "font_class": "tinymce",
      "unicode": "e66f",
      "unicode_decimal": 58991
    },
    {
      "icon_id": "8687733",
      "name": "评分",
      "font_class": "rate",
      "unicode": "e69d",
      "unicode_decimal": 59037
    },
    {
      "icon_id": "11121364",
      "name": "滑块",
      "font_class": "slider",
      "unicode": "e627",
      "unicode_decimal": 58919
    },
    {
      "icon_id": "11121454",
      "name": "分割线",
      "font_class": "divider",
      "unicode": "e638",
      "unicode_decimal": 58936
    },
    {
      "icon_id": "22385724",
      "name": "颜色库",
      "font_class": "color",
      "unicode": "ee22",
      "unicode_decimal": 60962
    },
    {
      "icon_id": "6244963",
      "name": "导入",
      "font_class": "import",
      "unicode": "e616",
      "unicode_decimal": 58902
    },
    {
      "icon_id": "145454",
      "name": "图片",
      "font_class": "image",
      "unicode": "e63e",
      "unicode_decimal": 58942
    },
    {
      "icon_id": "646357",
      "name": "卡片",
      "font_class": "card",
      "unicode": "e622",
      "unicode_decimal": 58914
    },
    {
      "icon_id": "737945",
      "name": "help",
      "font_class": "help",
      "unicode": "e61c",
      "unicode_decimal": 58908
    },
    {
      "icon_id": "1467412",
      "name": "table",
      "font_class": "table",
      "unicode": "e6a9",
      "unicode_decimal": 59049
    },
    {
      "icon_id": "13253956",
      "name": "component",
      "font_class": "component",
      "unicode": "e620",
      "unicode_decimal": 58912
    },
    {
      "icon_id": "15196938",
      "name": "11.符号-级联选择",
      "font_class": "link",
      "unicode": "e623",
      "unicode_decimal": 58915
    },
    {
      "icon_id": "16880964",
      "name": "cascader",
      "font_class": "cascader",
      "unicode": "e624",
      "unicode_decimal": 58916
    },
    {
      "icon_id": "17374561",
      "name": "计数器",
      "font_class": "number",
      "unicode": "e647",
      "unicode_decimal": 58951
    },
    {
      "icon_id": "19657932",
      "name": "标题",
      "font_class": "title",
      "unicode": "e61d",
      "unicode_decimal": 58909
    },
    {
      "icon_id": "8017649",
      "name": "bootstrap_tabs",
      "font_class": "tabs",
      "unicode": "e6d4",
      "unicode_decimal": 59092
    },
    {
      "icon_id": "7826085",
      "name": "close",
      "font_class": "close",
      "unicode": "e615",
      "unicode_decimal": 58901
    },
    {
      "icon_id": "6756281",
      "name": "加号",
      "font_class": "plus",
      "unicode": "e603",
      "unicode_decimal": 58883
    },
    {
      "icon_id": "902007",
      "name": "arrow on",
      "font_class": "arrow",
      "unicode": "e61b",
      "unicode_decimal": 58907
    },
    {
      "icon_id": "1176866",
      "name": "check",
      "font_class": "check",
      "unicode": "e6c1",
      "unicode_decimal": 59073
    },
    {
      "icon_id": "13744032",
      "name": "vue",
      "font_class": "vue",
      "unicode": "e69a",
      "unicode_decimal": 59034
    },
    {
      "icon_id": "20905073",
      "name": "开关",
      "font_class": "switch",
      "unicode": "e646",
      "unicode_decimal": 58950
    },
    {
      "icon_id": "11493812",
      "name": "保存",
      "font_class": "save",
      "unicode": "e61f",
      "unicode_decimal": 58911
    },
    {
      "icon_id": "384286",
      "name": "move",
      "font_class": "move",
      "unicode": "e696",
      "unicode_decimal": 59030
    },
    {
      "icon_id": "836441",
      "name": "clone",
      "font_class": "clone",
      "unicode": "e692",
      "unicode_decimal": 59026
    },
    {
      "icon_id": "18367976",
      "name": "删 除 (1)",
      "font_class": "del",
      "unicode": "e67d",
      "unicode_decimal": 59005
    },
    {
      "icon_id": "925051",
      "name": "eye",
      "font_class": "eye",
      "unicode": "e601",
      "unicode_decimal": 58881
    },
    {
      "icon_id": "15214524",
      "name": "json",
      "font_class": "json",
      "unicode": "e60e",
      "unicode_decimal": 58894
    },
    {
      "icon_id": "350628",
      "name": "GRID",
      "font_class": "grid",
      "unicode": "e652",
      "unicode_decimal": 58962
    },
    {
      "icon_id": "4521248",
      "name": "文字",
      "font_class": "text",
      "unicode": "e621",
      "unicode_decimal": 58913
    },
    {
      "icon_id": "15167569",
      "name": "date",
      "font_class": "date",
      "unicode": "e64c",
      "unicode_decimal": 58956
    },
    {
      "icon_id": "16880988",
      "name": "input",
      "font_class": "input",
      "unicode": "e629",
      "unicode_decimal": 58921
    },
    {
      "icon_id": "18536117",
      "name": "check_box-24px",
      "font_class": "checkbox",
      "unicode": "e61e",
      "unicode_decimal": 58910
    },
    {
      "icon_id": "18727247",
      "name": "textarea",
      "font_class": "textarea",
      "unicode": "e60a",
      "unicode_decimal": 58890
    },
    {
      "icon_id": "19457233",
      "name": "radio",
      "font_class": "radio",
      "unicode": "e6b1",
      "unicode_decimal": 59057
    },
    {
      "icon_id": "20962223",
      "name": "下拉选择",
      "font_class": "select",
      "unicode": "e64d",
      "unicode_decimal": 58957
    }
  ]
}
